{"cameraMode":{"drawMode":0,"name":"Shaded","section":"Shading Mode"},"sceneLighting":true,"audioPlay":false,"sceneViewState":{"m_AlwaysRefresh":false,"showFog":true,"showSkybox":true,"showFlares":true,"showImageEffects":true,"showParticleSystems":true,"showVisualEffectGraphs":true,"m_FxEnabled":true},"in2DMode":false,"pivot":{"x":-4.476517677307129,"y":1.7258609533309937,"z":-16.080524444580079},"rotation":{"x":-0.026917768642306329,"y":0.9944537281990051,"z":-0.07672858983278275,"w":-0.08430758118629456},"size":12.12435531616211,"orthographic":false}