{"cameraMode":{"drawMode":0,"name":"Shaded","section":"Shading Mode"},"sceneLighting":false,"audioPlay":false,"sceneViewState":{"m_AlwaysRefresh":false,"showFog":true,"showSkybox":false,"showFlares":true,"showImageEffects":true,"showParticleSystems":true,"showVisualEffectGraphs":true,"m_FxEnabled":true},"in2DMode":false,"pivot":{"x":0.09061486274003983,"y":0.13005948066711427,"z":-0.4611738324165344},"rotation":{"x":-0.01601211354136467,"y":0.6565070152282715,"z":-0.01406076829880476,"w":-0.7540819048881531},"size":0.5807890892028809,"orthographic":false}